,generation,coverage_max,coverage_min,coverage_mean,coverage_std,altitude_max,altitude_min,altitude_mean,altitude_std,costs_max,costs_min,costs_mean,costs_std
0,0,1.0,0.009986130374479889,0.6299667969570882,0.33332929230049513,984,513,703.030303030303,129.7308475383951,216.0,1.0,59.0,47.524993424512964
1,1,1.0,0.009986130374479889,0.64949980818603,0.32890937681445953,988,513,706.9787234042553,134.85217177753378,276.0,1.0,61.53191489361702,55.36748813072201
2,2,1.0,0.009986130374479889,0.6927509657804211,0.31524903632492796,988,513,698.0338983050848,129.76237780328276,276.0,1.0,66.32203389830508,52.752656634513045
3,3,1.0,0.009986130374479889,0.7246879334257975,0.31211688867360904,988,513,694.469696969697,126.8280749915436,276.0,1.0,74.92424242424242,59.33200215892331
4,4,1.0,0.009986130374479889,0.7371113411862763,0.3062944898978558,989,513,693.3661971830986,130.59405362054693,276.0,1.0,79.71830985915493,65.2658701222691
5,5,1.0,0.009986130374479889,0.7312489267551682,0.30529696878301926,989,513,696.0571428571428,129.44988238576906,216.0,1.0,71.37142857142857,49.34679744643476
6,6,1.0,0.009986130374479889,0.7205815582282762,0.30747641537556936,989,513,696.3582089552239,132.100822548369,207.0,1.0,66.41791044776119,45.4022924443687
7,7,1.0,0.009986130374479889,0.7261211280628755,0.3032990028226643,989,513,695.1,131.38285132843023,207.0,1.0,66.52857142857142,44.76337835114625
8,8,1.0,0.009986130374479889,0.7399315765141008,0.2983471087354327,989,513,688.0533333333333,130.5263661190805,207.0,1.0,70.22666666666667,47.25965462162154
9,9,1.0,0.009986130374479889,0.7403890607774103,0.29195752395300406,989,513,679.3589743589744,133.23867602368614,207.0,1.0,69.48717948717949,45.217150978259816
10,10,1.0,0.009986130374479889,0.7373691224062441,0.29906663040345216,989,513,670.1529411764706,132.51401595971006,207.0,1.0,72.02352941176471,49.23606316478183
11,11,1.0,0.009986130374479889,0.7211260081162993,0.3031116027212331,989,513,667.0,131.52117785634033,207.0,1.0,68.34444444444445,45.524696621689635
12,12,1.0,0.009986130374479889,0.7218506904661399,0.3004739400885274,989,513,664.9891304347826,130.8789806380762,207.0,1.0,68.16304347826087,45.10653498471991
13,13,1.0,0.009986130374479889,0.7257355328001889,0.2986679970450571,989,513,663.8510638297872,130.1083880203913,180.0,1.0,68.08510638297872,43.036283660173105
14,14,1.0,0.009986130374479889,0.7272297734627832,0.29600225187751783,989,513,659.55,127.67781223600967,180.0,1.0,68.34,42.94822346721572
15,15,1.0,0.009986130374479889,0.7251589514013814,0.29850781638036045,989,513,661.940594059406,126.32456782290438,180.0,1.0,67.9009900990099,43.06332661337138
16,16,1.0,0.009986130374479889,0.7266713805263205,0.29773905522318034,989,513,662.0098039215686,127.81542192219722,180.0,1.0,68.05882352941177,42.87925103006397
17,17,1.0,0.009986130374479889,0.7286581687691258,0.2979321097750613,989,513,663.7714285714286,128.35814207662338,180.0,1.0,68.24761904761905,43.2325511605952
18,18,1.0,0.009986130374479889,0.727496214482943,0.3018626994653035,989,513,662.5779816513761,127.17881066071399,180.0,1.0,67.95412844036697,42.939747907862206
19,19,1.0,0.009986130374479889,0.7343798968165323,0.2987178741628248,989,513,664.5840707964602,129.34896913166148,180.0,1.0,68.20353982300885,42.366630924929616
20,20,1.0,0.009986130374479889,0.7195034587648688,0.3001265480175062,989,513,656.7383177570093,128.25044311583295,180.0,1.0,66.99065420560747,43.20104281740629
21,21,1.0,0.009986130374479889,0.716892690193661,0.29995041876676637,989,513,658.4074074074074,128.82285431973943,180.0,1.0,66.5925925925926,43.1972301459372
22,22,1.0,0.009986130374479889,0.714187257067516,0.29915934159487845,989,513,661.2037037037037,128.91471927583547,180.0,1.0,65.57407407407408,42.792741917489835
23,23,1.0,0.009986130374479889,0.7065296515781953,0.30353766141538746,989,513,660.6272727272727,128.80950012622895,180.0,1.0,64.8,42.85644909879723
24,24,1.0,0.009986130374479889,0.6966683743382772,0.3070370845675477,989,513,660.5405405405405,128.53819975427072,180.0,1.0,63.62162162162162,43.034036012536106
25,25,1.0,0.009986130374479889,0.6955548855253372,0.3085318578934906,989,513,661.7739130434783,127.80152244031584,180.0,1.0,63.426086956521736,43.21327380330481
26,26,1.0,0.009986130374479889,0.6956393093328509,0.3085620913785584,989,513,661.7739130434783,127.80152244031584,180.0,1.0,63.426086956521736,43.21327380330481
27,27,1.0,0.009986130374479889,0.6958616356674608,0.30820790314082186,989,513,662.0769230769231,127.0730955711599,180.0,1.0,63.53846153846154,43.347739562737736
28,28,1.0,0.009986130374479889,0.6967114086266778,0.3092546739705109,989,513,661.9752066115702,125.54590546953449,180.0,1.0,63.45454545454545,43.11960111132755
29,29,1.0,0.009986130374479889,0.6959897394598302,0.3088747063682207,989,500,659.9274193548387,124.98840098296321,180.0,1.0,63.38709677419355,42.85325872524365
30,30,1.0,0.009986130374479889,0.6982923482230001,0.30760927888776046,989,500,660.2936507936508,127.11928681110932,198.0,1.0,64.11904761904762,44.33754294371436
31,31,1.0,0.009986130374479889,0.6960327092001849,0.31152345029732914,989,500,657.6640625,127.76937129701258,198.0,1.0,64.5703125,45.4641302920078
32,32,1.0,0.009986130374479889,0.6951291452081698,0.3145596531833292,989,500,659.2868217054264,127.17293797463661,198.0,1.0,64.15503875968992,45.52513893656776
33,33,1.0,0.009986130374479889,0.6996283787360642,0.3142336985143952,989,500,657.2061068702291,127.30965988832425,198.0,1.0,65.86259541984732,47.30340097689814
34,34,1.0,0.009986130374479889,0.6972849157315176,0.3141878027656967,989,500,658.780303030303,128.10595056787892,198.0,1.0,65.48484848484848,47.3219418546291
35,35,1.0,0.009986130374479889,0.6989331859468366,0.31357212241392846,989,500,659.6315789473684,127.99683197335511,198.0,1.0,65.41353383458646,47.14952485694412
36,36,1.0,0.009986130374479889,0.6944140167582872,0.31637328940420284,989,500,659.7591240875912,127.54333320987794,198.0,1.0,65.14598540145985,47.5809743468322
37,37,1.0,0.009986130374479889,0.6973694613627075,0.3168278484986673,989,500,661.9202898550725,127.31769916089202,198.0,1.0,64.8623188405797,47.55222899270832
38,38,1.0,0.009986130374479889,0.6964191446736375,0.3142105497160266,989,500,664.049645390071,129.440131017125,198.0,1.0,64.40425531914893,47.33452058388016
39,39,1.0,0.009986130374479889,0.700576147432525,0.31103742854123023,989,500,663.1517241379311,129.75480782328142,198.0,1.0,64.8344827586207,47.11039248891661
40,40,1.0,0.009986130374479889,0.700576147432525,0.31103742854123023,989,500,663.1517241379311,129.75480782328142,198.0,1.0,64.8344827586207,47.11039248891661
41,41,1.0,0.009986130374479889,0.6944816869574151,0.30970736758821105,989,500,666.5347222222222,130.1606813970351,180.0,1.0,61.90972222222222,43.48601787898326
42,42,1.0,0.009986130374479889,0.6904777629960906,0.3081781440442971,989,500,665.8979591836735,129.2700123450793,180.0,1.0,61.29931972789116,43.25322301174704
43,43,1.0,0.009986130374479889,0.6904777629960906,0.3081781440442971,989,500,665.8979591836735,129.2700123450793,180.0,1.0,61.29931972789116,43.25322301174704
44,44,1.0,0.009986130374479889,0.6923348452474667,0.30795795828858075,989,500,667.581081081081,130.44664317056828,180.0,1.0,61.29054054054054,43.10598446044896
45,45,1.0,0.009986130374479889,0.6859604486043115,0.3109103438552624,989,500,668.9403973509934,129.50805543996503,180.0,1.0,60.45695364238411,43.13494099518204
46,46,1.0,0.009986130374479889,0.6853637679451501,0.3109752017016263,989,500,669.0522875816994,130.24015221129773,180.0,1.0,60.35294117647059,42.86169167220416
47,47,1.0,0.009986130374479889,0.6869925728455548,0.31061683031096987,989,500,670.1233766233767,130.74574077578035,180.0,1.0,60.23376623376623,42.70292457692003
48,48,1.0,0.009986130374479889,0.6845408855681328,0.3111076548615011,989,500,670.7806451612903,130.57720366305975,180.0,1.0,59.935483870967744,42.72574536663437
49,49,1.0,0.009986130374479889,0.6800190707350902,0.30888281439737,989,500,675.4375,132.99669866333497,180.0,1.0,58.91875,42.49601858894491
50,50,1.0,0.009986130374479889,0.6780752332684922,0.3088754768003359,989,500,674.8050314465409,133.175314072548,180.0,1.0,58.84905660377358,42.62111390344221
51,51,1.0,0.009986130374479889,0.6769301895515488,0.30606195916783974,989,500,674.9691358024692,133.2270011074829,180.0,1.0,58.5,42.34672763762161
52,52,1.0,0.009986130374479889,0.675872978738811,0.3066401111127066,989,500,677.0,134.92902735972874,180.0,1.0,58.05421686746988,42.04344881394563
53,53,1.0,0.009986130374479889,0.673154661550685,0.30838254061182235,989,500,675.9401197604791,135.21614560144394,180.0,1.0,58.18562874251497,42.665217169003206
54,54,1.0,0.009986130374479889,0.6743231376539816,0.3069219001541711,989,500,676.9408284023668,134.7272687842798,180.0,1.0,58.01183431952663,42.45052977481983
55,55,1.0,0.009986130374479889,0.6729373691224062,0.3065454458427313,989,500,676.3235294117648,134.56898553948588,180.0,1.0,57.84705882352941,42.379241843469664
56,56,1.0,0.009986130374479889,0.6707393659523408,0.30448712633298886,989,500,677.3988439306358,135.415971537677,180.0,1.0,57.50289017341041,42.15580517797025
57,57,1.0,0.009986130374479889,0.6671980699432993,0.30416072173425424,989,500,674.9425287356322,133.11461064862493,180.0,1.0,57.189655172413794,42.17694226517545
58,58,1.0,0.009986130374479889,0.6657556844450049,0.3044017167941392,989,500,673.9261363636364,132.99993640756222,210.0,1.0,57.8125,43.61499168863844
59,59,1.0,0.009986130374479889,0.6655476400622032,0.30418696117418287,989,500,673.4943181818181,133.091933732572,210.0,1.0,57.63068181818182,43.43842895858008
60,60,1.0,0.009986130374479889,0.6606539128099035,0.305114538667286,989,500,673.6871508379888,132.9370147481554,210.0,1.0,56.977653631284916,43.372434070043305
61,61,1.0,0.009986130374479889,0.660733979549405,0.30503149613915537,989,500,673.6871508379888,132.9370147481554,210.0,1.0,56.977653631284916,43.372434070043305
62,62,1.0,0.009986130374479889,0.6632948065957774,0.30569527182114775,989,500,675.7166666666667,132.35711279437376,180.0,1.0,56.05,41.29459160821652
63,63,1.0,0.009986130374479889,0.6649348791707854,0.3056424307274968,989,500,675.6685082872929,131.99053228877264,180.0,1.0,56.20441988950276,41.23209621319084
64,64,1.0,0.009986130374479889,0.6626619070356139,0.3068657722431223,989,500,675.2950819672132,132.02231050161768,180.0,1.0,56.05464480874317,41.21769154670214
65,65,1.0,0.009986130374479889,0.6645093368710928,0.3070226016586413,989,500,675.5760869565217,131.71626515737827,180.0,1.0,56.20652173913044,41.156515341422015
66,66,1.0,0.009986130374479889,0.6658931492003838,0.30576519590873336,989,500,675.3655913978495,131.5719747491011,180.0,1.0,56.24193548387097,41.01009189595572
67,67,1.0,0.009986130374479889,0.6652098641563629,0.3053024986932677,989,500,675.4840425531914,131.16986888518437,180.0,1.0,56.1436170212766,40.92703317614416
68,68,1.0,0.009986130374479889,0.6608127113901258,0.3066900080362366,989,500,674.6368421052632,130.73949100594453,180.0,1.0,55.73157894736842,40.907646050955314
69,69,1.0,0.009986130374479889,0.6626680728925874,0.30605388720991616,989,500,673.9947916666666,130.6989465620022,180.0,1.0,55.953125,40.75675372838762
70,70,1.0,0.009986130374479889,0.6641334343766533,0.3055269801065764,989,500,674.5412371134021,130.21135011978035,180.0,1.0,55.94845360824742,40.648721661644124
71,71,1.0,0.009986130374479889,0.6634186866802312,0.3043119096536714,989,500,673.0659898477157,129.78333872603773,180.0,1.0,55.857868020304565,40.45367849274944
72,72,1.0,0.009986130374479889,0.6634186866802312,0.3043119096536714,989,500,673.0659898477157,129.78333872603773,180.0,1.0,55.857868020304565,40.45367849274944
73,73,1.0,0.009986130374479889,0.6634186866802312,0.3043119096536714,989,500,673.0659898477157,129.78333872603773,180.0,1.0,55.857868020304565,40.45367849274944
74,74,1.0,0.009986130374479889,0.6634186866802312,0.3043119096536714,989,500,673.0659898477157,129.78333872603773,180.0,1.0,55.857868020304565,40.45367849274944
75,75,1.0,0.009986130374479889,0.6637663583753255,0.30304413055362195,989,500,671.7587939698492,129.7805533616704,180.0,1.0,55.96482412060301,40.276741776433184
76,76,1.0,0.009986130374479889,0.6637663583753255,0.30304413055362195,989,500,671.7587939698492,129.7805533616704,180.0,1.0,55.96482412060301,40.276741776433184
77,77,1.0,0.009986130374479889,0.6630727057911524,0.30365482977008645,989,500,672.5151515151515,129.6729477313105,180.0,1.0,55.80808080808081,40.31907680830055
78,78,1.0,0.009986130374479889,0.6601354600092464,0.30371748743677285,989,500,672.185,129.743468479401,180.0,1.0,55.55,40.23895335162396
79,79,1.0,0.009986130374479889,0.6629227832630697,0.3035303746466673,994,500,674.3366336633663,131.30036790312874,180.0,1.0,55.55940594059406,40.0453590536393
80,80,1.0,0.009986130374479889,0.665296760612059,0.3032197783340676,994,500,673.8106796116505,130.49025038816177,180.0,1.0,55.99514563106796,40.13884409880836
81,81,1.0,0.009986130374479889,0.6669400389957587,0.30340170520777476,994,500,674.0386473429952,130.28422422402716,180.0,1.0,56.130434782608695,40.08858384458615
82,82,1.0,0.009986130374479889,0.6692666710697224,0.3019140353298854,994,500,672.1619047619048,130.33737039221117,180.0,1.0,56.48095238095238,39.91740418643683
83,83,1.0,0.009986130374479889,0.6654977799876133,0.3039527782230901,994,500,671.0283018867924,130.3306373213563,180.0,1.0,56.14622641509434,39.89954607713931
84,84,1.0,0.009986130374479889,0.6634352640732669,0.3046595730549864,994,500,670.004761904762,130.52446644538387,180.0,1.0,56.166666666666664,40.08896605503865
85,85,1.0,0.009986130374479889,0.660592515660845,0.30672561790971614,994,500,670.2843601895735,130.27664590599989,180.0,1.0,55.92417061611374,40.14822457853953
86,86,1.0,0.009986130374479889,0.6573067122536528,0.30800218191451034,994,500,670.3581395348838,129.79893551209844,180.0,1.0,55.455813953488374,40.0000777004244
87,87,1.0,0.009986130374479889,0.6568697453810722,0.30735216439122676,994,500,670.7037037037037,129.59627896318045,180.0,1.0,55.36574074074074,39.92889648277888
88,88,1.0,0.009986130374479889,0.6571807802356772,0.306674104744242,994,500,670.8479262672811,129.31339303554333,180.0,1.0,55.31797235023041,39.84257563093331
89,89,1.0,0.009986130374479889,0.6571807802356772,0.306674104744242,994,500,670.8479262672811,129.31339303554333,180.0,1.0,55.31797235023041,39.84257563093331
90,90,1.0,0.009986130374479889,0.6550853172835893,0.30754664167397516,994,500,671.3073394495412,129.20156096588963,180.0,1.0,55.10550458715596,39.87425935891021
91,91,1.0,0.009986130374479889,0.6546340804353838,0.30691310262978827,994,500,671.7671232876712,129.08433917631388,180.0,1.0,54.97260273972603,39.831286145926896
92,92,1.0,0.009986130374479889,0.6525692127633875,0.30846538655678885,995,500,673.8468468468468,130.90687499951764,180.0,1.0,54.5945945945946,39.79469447308201
93,93,1.0,0.009986130374479889,0.6520432930453736,0.30814043274686226,995,500,674.8660714285714,130.78534740104115,180.0,1.0,54.419642857142854,39.70872387072372
94,94,1.0,0.009986130374479889,0.6535782606462218,0.30831277667467805,995,500,674.5644444444445,130.57149990446456,180.0,1.0,54.73777777777778,39.906337265755866
95,95,1.0,0.009986130374479889,0.6535782606462218,0.30831277667467805,995,500,674.5644444444445,130.57149990446456,180.0,1.0,54.73777777777778,39.906337265755866
96,96,1.0,0.009986130374479889,0.6545685891849652,0.30798692078423884,995,500,675.6681415929204,131.3333352050672,180.0,1.0,54.68141592920354,39.82657191970109
97,97,1.0,0.009986130374479889,0.6521059719793363,0.30850468799001685,995,500,676.9652173913043,130.83797309688424,180.0,1.0,54.3,39.73725386810427
98,98,1.0,0.009986130374479889,0.6542465764343902,0.30813022030644677,995,500,676.7715517241379,131.01764350703243,192.0,1.0,54.84051724137931,40.593385421655086
99,99,1.0,0.009986130374479889,0.6544788572539729,0.30746987168926215,995,500,677.0815450643777,130.77131016824646,192.0,1.0,54.742489270386265,40.53343390913823
100,100,1.0,0.009986130374479889,0.653389992229075,0.3068469422076745,995,500,677.0553191489362,130.21895238095172,192.0,1.0,54.54042553191489,40.43177042434832
