,generation,nevals,new_hof,coverage_max,coverage_min,coverage_mean,coverage_std,altitude_max,altitude_min,altitude_mean,altitude_std,costs_max,costs_min,costs_mean,costs_std,coverage_gen,coverage_nevals,coverage_new_hof,altitude_gen,altitude_nevals,altitude_new_hof,costs_gen,costs_nevals,costs_new_hof
0,0,50,37,1.0,0.006564956079519187,0.6215755894590846,0.3479654003151865,983.0,503.0,730.68,146.88300650517746,252.0,1.0,71.5,66.67000824958701,0,50,37,0,50,37,0,50,37
1,1,50,29,1.0,0.7655108645399907,0.9228793342579751,0.06694819288749809,975.0,503.0,764.7,139.32928622511494,252.0,28.0,108.86,61.72584871834489,1,50,29,1,50,29,1,50,29
2,2,50,20,1.0,0.9052242256125751,0.9710050855293574,0.02944225334907899,974.0,503.0,762.44,129.91338037323175,252.0,42.0,120.4,54.0388748957637,2,50,20,2,50,20,2,50,20
3,3,50,18,1.0,0.9064262598243181,0.9717910309754971,0.026987703725172642,974.0,503.0,737.98,126.91989442163903,286.0,42.0,108.9,53.95081092995729,3,50,18,3,50,18,3,50,18
4,4,50,15,1.0,0.9064262598243181,0.9718354137771614,0.027007864503601643,974.0,503.0,738.94,135.87205893781103,308.0,42.0,109.94,59.9267586308487,4,50,15,4,50,15,4,50,15
5,5,50,18,1.0,0.9131761442441054,0.9735367545076282,0.02444270706049587,974.0,503.0,740.8,135.86184158916734,286.0,42.0,102.92,54.12719833872801,5,50,18,5,50,18,5,50,18
6,6,50,17,1.0,0.9131761442441054,0.9722662968099862,0.025267163281907416,989.0,503.0,746.24,144.1162808290583,286.0,42.0,97.46,50.07083382569139,6,50,17,6,50,17,6,50,17
7,7,50,18,1.0,0.9043920480813684,0.9692815533980581,0.02789806465647065,989.0,503.0,730.36,130.89992513366843,252.0,42.0,90.48,40.28758617738223,7,50,18,7,50,18,7,50,18
8,8,50,24,1.0,0.9043920480813684,0.966333795654184,0.028931353250367314,989.0,503.0,741.68,143.69640774911528,252.0,42.0,85.58,38.799530924999594,8,50,24,8,50,24,8,50,24
9,9,50,21,1.0,0.9043920480813684,0.965631067961165,0.0314429423905261,989.0,503.0,741.76,141.44929268115837,252.0,39.0,87.66,45.3945415220817,9,50,21,9,50,21,9,50,21
10,10,50,19,1.0,0.9017105871474803,0.963959315765141,0.03198404098164822,989.0,503.0,735.66,139.67284775503074,252.0,39.0,87.08,44.73962002520808,10,50,19,10,50,19,10,50,19
11,11,50,24,1.0,0.9017105871474803,0.9622209893666205,0.03172888073090163,989.0,503.0,733.52,131.4351916345086,216.0,39.0,83.28,33.997082227744194,11,50,24,11,50,24,11,50,24
12,12,50,18,1.0,0.9047619047619048,0.963221451687471,0.031643625164797004,989.0,503.0,737.96,133.76680604694124,216.0,39.0,84.26,38.45715018042809,12,50,18,12,50,18,12,50,18
13,13,50,19,1.0,0.9047619047619048,0.9637965788257048,0.03251119225749266,989.0,503.0,738.1,140.37681432487346,216.0,39.0,84.38,38.36086026146964,13,50,19,13,50,19,13,50,19
14,14,50,10,1.0,0.9047619047619048,0.964208969024503,0.03242702411002476,989.0,503.0,731.3,143.33446898774906,216.0,39.0,86.3,40.51826748517266,14,50,10,14,50,10,14,50,10
15,15,50,14,1.0,0.9047619047619048,0.966531668978271,0.03272688264452343,989.0,503.0,739.56,144.8152146702825,216.0,39.0,87.04,41.214541123249205,15,50,14,15,50,14,15,50,14
16,16,50,19,1.0,0.9047619047619048,0.9683532131299124,0.031321351861410315,993.0,503.0,740.78,151.16445217047558,216.0,39.0,87.32,42.9103437413405,16,50,19,16,50,19,16,50,19
17,17,50,16,1.0,0.9047619047619048,0.9673767914932964,0.031401347805351275,993.0,503.0,741.92,151.45360213609976,216.0,39.0,86.34,42.65096012987281,17,50,16,17,50,16,17,50,16
18,18,50,15,1.0,0.9047619047619048,0.9677115117891817,0.03061841502336536,993.0,503.0,738.32,155.3747006433158,216.0,39.0,86.92,42.77561922403929,18,50,15,18,50,15,18,50,15
19,19,50,18,1.0,0.9047619047619048,0.9665187239944523,0.031169112189454354,993.0,503.0,719.88,154.2889030358308,216.0,39.0,89.0,42.44667242552707,19,50,18,19,50,18,19,50,18
20,20,50,11,1.0,0.9047619047619048,0.9652981969486825,0.032220043284560275,993.0,503.0,721.86,157.25393603976977,216.0,39.0,88.46,42.57098072631168,20,50,11,20,50,11,20,50,11
21,21,50,15,1.0,0.9030975496994914,0.9630568654646325,0.032961193940747174,993.0,503.0,724.34,150.45990961050055,216.0,39.0,87.14,42.41933992885792,21,50,15,21,50,15,21,50,15
22,22,50,7,1.0,0.9030975496994914,0.9647101248266295,0.03272072015901233,993.0,503.0,727.44,155.09457243888323,216.0,39.0,87.82,43.494684732734875,22,50,7,22,50,7,22,50,7
23,23,50,8,1.0,0.9030975496994914,0.9651687471104947,0.03277351391044771,993.0,503.0,728.02,151.4659684549635,216.0,39.0,87.56,43.425872472524944,23,50,8,23,50,8,23,50,8
24,24,50,11,1.0,0.9028201571890893,0.9628478964401296,0.03466673986451347,993.0,503.0,725.5,153.93508372037869,216.0,39.0,87.72,43.55182659774444,24,50,11,24,50,11,24,50,11
25,25,50,7,1.0,0.9028201571890893,0.9632824780397595,0.03520552483979719,993.0,503.0,727.62,155.70791758931207,216.0,39.0,87.88,43.62047225787452,25,50,7,25,50,7,25,50,7
26,26,50,8,1.0,0.9028201571890893,0.9628552935737402,0.03525495743495647,993.0,503.0,713.5,155.854066356961,216.0,39.0,90.0,43.25320797351336,26,50,8,26,50,8,26,50,8
27,27,50,10,1.0,0.9028201571890893,0.9650171058714748,0.03511037609559584,993.0,503.0,710.14,156.79706757462017,216.0,39.0,92.62,44.53937134715756,27,50,10,27,50,10,27,50,10
28,28,50,8,1.0,0.9028201571890893,0.96191030975497,0.03439728477920181,993.0,503.0,723.8,162.42893830841842,216.0,39.0,87.36,42.33663189248762,28,50,8,28,50,8,28,50,8
29,29,50,13,1.0,0.9028201571890893,0.960244105409154,0.034292471184733116,993.0,503.0,723.12,162.66685464470012,216.0,39.0,86.68,42.87397345709865,29,50,13,29,50,13,29,50,13
30,30,50,13,1.0,0.9028201571890893,0.9635006934812761,0.0329433413774924,993.0,503.0,728.18,163.07405556985452,216.0,39.0,86.68,42.1228868906204,30,50,13,30,50,13,30,50,13
31,31,50,8,1.0,0.9028201571890893,0.964116504854369,0.03322054186968151,993.0,503.0,717.66,161.0131187201838,216.0,39.0,88.44,42.23986742403437,31,50,8,31,50,8,31,50,8
32,32,50,11,1.0,0.9028201571890893,0.9625760517799352,0.0337979388192665,993.0,503.0,724.52,162.90454137316127,216.0,39.0,86.32,41.81217047702739,32,50,11,32,50,11,32,50,11
33,33,50,11,1.0,0.9028201571890893,0.9635432269995375,0.0325678446198797,993.0,503.0,725.64,167.2777044318818,216.0,39.0,87.64,43.84826564415062,33,50,11,33,50,11,33,50,11
34,34,50,7,1.0,0.9003236245954692,0.9647637540453075,0.03380046344594538,993.0,503.0,713.58,160.7536114679854,216.0,39.0,89.56,43.2361700431479,34,50,7,34,50,7,34,50,7
35,35,50,7,1.0,0.9003236245954692,0.9661747572815534,0.03400038014176328,993.0,503.0,712.72,160.55927752702425,216.0,39.0,90.64,43.5333251659002,35,50,7,35,50,7,35,50,7
36,36,50,4,1.0,0.9003236245954692,0.9643624595469257,0.03454531728651095,993.0,503.0,719.06,164.02663320326977,216.0,39.0,89.42,44.10491582578976,36,50,4,36,50,4,36,50,4
37,37,50,7,1.0,0.9003236245954692,0.9628460471567268,0.03453479537650786,993.0,503.0,718.86,162.61340781128717,216.0,39.0,89.08,44.271814961666074,37,50,7,37,50,7,37,50,7
38,38,50,10,1.0,0.9003236245954692,0.9625094775774388,0.03390910720022854,993.0,503.0,712.9,162.29482431673537,216.0,39.0,89.7,44.23900993467191,38,50,10,38,50,10,38,50,10
39,39,50,7,1.0,0.9003236245954692,0.9627202958853445,0.03370568323258468,993.0,503.0,701.0,166.4777462605738,216.0,39.0,92.64,45.10155651416035,39,50,7,39,50,7,39,50,7
40,40,50,9,1.0,0.9003236245954692,0.9645677300046231,0.03386802383015202,993.0,503.0,710.08,167.72570941868156,216.0,39.0,92.32,45.57913557758637,40,50,9,40,50,9,40,50,9
41,41,50,5,1.0,0.9003236245954692,0.9653925104022192,0.03327918455198218,993.0,503.0,714.92,167.62527733012107,216.0,39.0,91.86,45.6701259030452,41,50,5,41,50,5,41,50,5
42,42,50,7,1.0,0.9003236245954692,0.9670735090152566,0.03285537698733349,993.0,503.0,708.42,167.82301272471545,216.0,39.0,93.46,44.99964888751911,42,50,7,42,50,7,42,50,7
43,43,50,12,1.0,0.9003236245954692,0.9652223763291724,0.032202235376738234,993.0,503.0,717.94,171.33655885420367,216.0,39.0,89.32,42.1171888900482,43,50,12,43,50,12,43,50,12
44,44,50,8,1.0,0.9003236245954692,0.9642570503929728,0.03227957504450192,993.0,503.0,709.62,170.55320460196577,216.0,39.0,90.12,42.1035105424714,44,50,8,44,50,8,44,50,8
45,45,50,8,1.0,0.9003236245954692,0.9622690707350902,0.03341639455709103,993.0,503.0,709.42,171.49613290100743,216.0,39.0,89.54,42.24935975846261,45,50,8,45,50,8,45,50,8
46,46,50,8,1.0,0.9003236245954692,0.9634692556634303,0.03366194066747562,993.0,503.0,701.64,167.55461915447154,216.0,39.0,90.78,41.40062318371548,46,50,8,46,50,8,46,50,8
47,47,50,7,1.0,0.9003236245954692,0.9618677762367084,0.03318531208322727,993.0,503.0,701.12,166.73447633887838,216.0,39.0,89.6,41.413041424169755,47,50,7,47,50,7,47,50,7
48,48,50,11,1.0,0.9003236245954692,0.960604715672677,0.034215613280846,993.0,503.0,703.3,166.93426850110794,216.0,39.0,88.86,41.3511837799113,48,50,11,48,50,11,48,50,11
49,49,50,8,1.0,0.9003236245954692,0.9575478502080442,0.03465209050721861,993.0,503.0,694.06,164.01529318938526,216.0,39.0,89.5,41.27093408199044,49,50,8,49,50,8,49,50,8
50,50,50,6,1.0,0.9003236245954692,0.958577901063338,0.035129928550111475,993.0,503.0,697.58,162.27151197915177,216.0,39.0,89.5,41.27093408199044,50,50,6,50,50,6,50,50,6
51,51,50,9,1.0,0.9003236245954692,0.9575127138233935,0.034336841916126654,993.0,503.0,723.78,158.96921588785673,168.0,39.0,80.44,30.394841667625116,51,50,9,51,50,9,51,50,9
52,52,50,13,1.0,0.9003236245954692,0.958485436893204,0.03355749066298882,993.0,503.0,723.2,159.12246855802607,168.0,39.0,80.8,30.43616270162847,52,50,13,52,50,13,52,50,13
53,53,50,9,1.0,0.9003236245954692,0.9567748497457235,0.03347530010611889,993.0,503.0,704.66,159.58478749555047,168.0,39.0,83.22,30.596267746246436,53,50,9,53,50,9,53,50,9
54,54,50,4,1.0,0.9003236245954692,0.958404068423486,0.03354384476828552,993.0,503.0,707.94,158.6509892815043,168.0,39.0,83.34,30.534970116245407,54,50,4,54,50,4,54,50,4
55,55,50,6,1.0,0.9003236245954692,0.9604290337494221,0.03292645831976623,993.0,503.0,707.42,159.18016082414292,168.0,39.0,83.88,30.426725094889854,55,50,6,55,50,6,55,50,6
56,56,50,9,1.0,0.9003236245954692,0.9590346740638002,0.03326744660401324,993.0,503.0,706.6,159.02817360455347,168.0,39.0,83.54,30.5962154522418,56,50,9,56,50,9,56,50,9
57,57,50,9,1.0,0.9003236245954692,0.9594729542302357,0.03326624532852296,993.0,503.0,706.6,159.02817360455347,168.0,39.0,83.54,30.5962154522418,57,50,9,57,50,9,57,50,9
58,58,50,5,1.0,0.9003236245954692,0.9604012944983819,0.0337062012940406,993.0,503.0,713.52,163.68680337767,168.0,39.0,83.98,32.17545026879966,58,50,5,58,50,5,58,50,5
59,59,50,7,1.0,0.9003236245954692,0.9628368007397134,0.033442529407262805,993.0,503.0,705.52,162.53925556615548,168.0,39.0,86.46,33.2206020415043,59,50,7,59,50,7,59,50,7
60,60,50,6,1.0,0.9047619047619048,0.9640610263522886,0.03229376469822333,993.0,503.0,700.8,165.58321170940008,168.0,39.0,87.7,34.02543166515305,60,50,6,60,50,6,60,50,6
61,61,50,5,1.0,0.9047619047619048,0.9645695792880258,0.03229100725809205,993.0,503.0,702.44,164.83423916164992,168.0,39.0,87.14,33.76566895531614,61,50,5,61,50,5,61,50,5
62,62,50,6,1.0,0.9047619047619048,0.9633878871937125,0.03351456652515902,993.0,503.0,704.8,165.30275254816542,168.0,39.0,86.94,34.50762814219488,62,50,6,62,50,6,62,50,6
63,63,50,6,1.0,0.9047619047619048,0.9619824318076747,0.03319112047174235,993.0,503.0,690.38,160.62177809998244,168.0,39.0,88.44,34.24742910059089,63,50,6,63,50,6,63,50,6
64,64,50,8,1.0,0.9047619047619048,0.9625871474803515,0.03312952320337187,993.0,503.0,699.66,161.83913123839983,168.0,39.0,86.78,34.80418940300147,64,50,8,64,50,8,64,50,8
65,65,50,4,1.0,0.9047619047619048,0.9660527045769762,0.03382003144463711,993.0,503.0,705.32,163.9701728973901,168.0,39.0,88.0,34.751690606357556,65,50,4,65,50,4,65,50,4
66,66,50,8,1.0,0.9047619047619048,0.9638650023116042,0.03386859938703583,993.0,503.0,702.4,162.88732301809125,168.0,39.0,87.22,34.59323055165562,66,50,8,66,50,8,66,50,8
67,67,50,5,1.0,0.9047619047619048,0.9626555709662505,0.03367252915421906,993.0,503.0,698.36,162.95321537177472,168.0,39.0,88.54,36.05285564279202,67,50,5,67,50,5,67,50,5
68,68,50,6,1.0,0.9047619047619048,0.9619269533055941,0.03325784690759907,993.0,503.0,695.32,165.25077185901435,168.0,39.0,88.98,36.4518806099219,68,50,6,68,50,6,68,50,6
69,69,50,5,1.0,0.9047619047619048,0.9634932963476653,0.0330802567585398,993.0,503.0,707.26,164.07020570475314,168.0,39.0,87.54,36.448434808644386,69,50,5,69,50,5,69,50,5
70,70,50,6,1.0,0.9047619047619048,0.9613018955154878,0.03300143119848395,993.0,503.0,705.46,149.74527838967077,168.0,39.0,84.88,34.06560728946425,70,50,6,70,50,6,70,50,6
71,71,50,5,1.0,0.9047619047619048,0.9604456773000463,0.03337362920309696,993.0,503.0,706.84,152.27440494055458,168.0,39.0,84.54,34.2328555630406,71,50,5,71,50,5,71,50,5
72,72,50,5,1.0,0.9047619047619048,0.9615570966250578,0.032787860231449625,993.0,503.0,711.84,154.72121509347062,168.0,39.0,84.18,34.14890334988812,72,50,5,72,50,5,72,50,5
73,73,50,8,1.0,0.9047619047619048,0.9618714748035138,0.033241720542827535,993.0,503.0,710.48,157.7942001469002,168.0,39.0,85.46,36.060621181560364,73,50,8,73,50,8,73,50,8
74,74,50,3,1.0,0.9047619047619048,0.963169671752196,0.03346083209254685,993.0,503.0,719.66,160.40855463472016,168.0,39.0,84.22,35.158663228285576,74,50,3,74,50,3,74,50,3
75,75,50,7,1.0,0.9047619047619048,0.9618714748035139,0.03416663948432932,993.0,503.0,706.72,158.0707487171488,168.0,39.0,85.68,34.98596289942582,75,50,7,75,50,7,75,50,7
76,76,50,4,1.0,0.9047619047619048,0.9610411465557097,0.03378677524301012,993.0,503.0,703.28,156.7684968353017,168.0,39.0,85.84,35.30572758066317,76,50,4,76,50,4,76,50,4
77,77,50,6,1.0,0.9047619047619048,0.9600887656033287,0.034449567646889126,993.0,503.0,697.58,157.88908638661508,168.0,39.0,86.74,35.208981808623776,77,50,6,77,50,6,77,50,6
78,78,50,4,1.0,0.9047619047619048,0.9611021729079983,0.03349083100945779,993.0,503.0,699.14,159.31126890461954,168.0,39.0,86.84,35.26491741093405,78,50,4,78,50,4,78,50,4
79,79,50,8,1.0,0.9047619047619048,0.9611816920943136,0.033963833902853,993.0,503.0,705.02,160.63081771565504,168.0,39.0,86.14,35.32365213281322,79,50,8,79,50,8,79,50,8
80,80,50,6,1.0,0.9047619047619048,0.96015164123902,0.03507431049874745,993.0,503.0,696.32,158.6782203076402,168.0,39.0,87.82,36.13346924943687,80,50,6,80,50,6,80,50,6
81,81,50,5,1.0,0.9047619047619048,0.9617753120665742,0.03397138140812814,993.0,503.0,690.54,158.4934333024558,168.0,39.0,89.36,35.799865921536636,81,50,5,81,50,5,81,50,5
82,82,50,5,1.0,0.9047619047619048,0.9633361072584374,0.03444923746937448,993.0,503.0,693.36,159.1460662410479,168.0,39.0,90.06,35.90510270142671,82,50,5,82,50,5,82,50,5
83,83,50,3,1.0,0.9047619047619048,0.9621451687471104,0.03428626288211899,993.0,503.0,697.58,161.89232100380798,168.0,39.0,88.98,36.29572426608952,83,50,3,83,50,3,83,50,3
84,84,50,8,1.0,0.9047619047619048,0.964279241793805,0.034452439839371435,993.0,503.0,697.96,161.90008770843826,168.0,39.0,89.64,36.163384797333336,84,50,8,84,50,8,84,50,8
85,85,50,5,1.0,0.9047619047619048,0.9614165510864541,0.03428732035173002,993.0,503.0,707.54,164.6416970272112,168.0,39.0,86.82,36.30795505120056,85,50,5,85,50,5,85,50,5
86,86,50,10,1.0,0.9047619047619048,0.9621414701803052,0.034493915303282455,993.0,503.0,716.66,169.79665603303263,168.0,39.0,86.2,36.55954047851258,86,50,10,86,50,10,86,50,10
87,87,50,10,1.0,0.9047619047619048,0.962455848358761,0.03432730272675295,993.0,503.0,703.74,164.47939810201154,168.0,39.0,88.12,36.13897618915068,87,50,10,87,50,10,87,50,10
88,88,50,6,1.0,0.9047619047619048,0.9614184003698567,0.03468179940217783,993.0,503.0,712.42,164.96170343446386,168.0,39.0,86.08,35.09976638098892,88,50,6,88,50,6,88,50,6
89,89,50,7,1.0,0.9058714748035136,0.961202034211743,0.03416681084349931,993.0,503.0,712.72,165.34304218805215,168.0,39.0,85.6,35.478444159799345,89,50,7,89,50,7,89,50,7
90,90,50,6,1.0,0.9058714748035136,0.9602385575589458,0.0345629014350087,993.0,503.0,716.48,166.43860609846502,168.0,39.0,84.92,35.92483263704926,90,50,6,90,50,6,90,50,6
91,91,50,3,1.0,0.9047619047619048,0.960876560332871,0.03481103789534153,993.0,503.0,715.18,164.86427023463878,168.0,39.0,85.48,35.66916875958844,91,50,3,91,50,3,91,50,3
92,92,50,2,1.0,0.9047619047619048,0.9590901525658808,0.03528805942165998,993.0,503.0,704.3,162.4748903677119,168.0,39.0,86.12,35.35739809431684,92,50,2,92,50,2,92,50,2
93,93,50,8,1.0,0.9047619047619048,0.9619805825242719,0.03546608189850499,993.0,503.0,712.92,162.69540128719066,168.0,39.0,85.6,35.323080273384996,93,50,8,93,50,8,93,50,8
94,94,50,1,1.0,0.9047619047619048,0.9609357374017569,0.03500475253171042,993.0,503.0,713.96,161.3667822074915,168.0,39.0,85.3,35.814661802116746,94,50,1,94,50,1,94,50,1
95,95,50,3,1.0,0.9047619047619048,0.962339343504392,0.03461287620219401,993.0,503.0,713.66,161.01746613333597,168.0,39.0,85.6,35.53758573679422,95,50,3,95,50,3,95,50,3
96,96,50,8,1.0,0.9047619047619048,0.9615737401756819,0.035196605521450514,993.0,503.0,711.36,162.00638999743188,168.0,39.0,85.8,35.59494346111537,96,50,8,96,50,8,96,50,8
97,97,50,9,1.0,0.9016181229773462,0.9599907535829867,0.03604762011194542,993.0,503.0,706.46,157.51205795112958,168.0,39.0,86.0,35.4152509520969,97,50,9,97,50,9,97,50,9
98,98,50,11,1.0,0.9016181229773462,0.9583670827554323,0.03610291820906929,993.0,503.0,696.14,159.541343857948,168.0,39.0,87.96,36.755385999877625,98,50,11,98,50,11,98,50,11
99,99,50,6,1.0,0.9016181229773462,0.9587147480351365,0.036534821491549144,993.0,503.0,699.1,161.26664255201695,168.0,39.0,87.88,36.57028301777278,99,50,6,99,50,6,99,50,6
100,100,50,6,1.0,0.9016181229773462,0.9593472029588535,0.03620123110006289,993.0,503.0,706.44,167.00576756507542,168.0,39.0,87.26,37.01719060112477,100,50,6,100,50,6,100,50,6
