,generation,NSGA-NC,NSGA-C50,NSGA-C60,NSGA-C70,NSGA-C80,NSGA-C90,NSGA-C95,NSGA-C99,NSGA-C100,MOGA-WS
0,0,0.0,0.0,0.0,0.0,0.0,0.0,0.0,0.0,0.0,0.029387755102040815
1,1,0.0,0.0008163265306122449,0.0,0.0,0.0008163265306122449,0.0008163265306122449,0.0,0.0,0.0,0.017142857142857144
2,2,0.0,0.0016326530612244899,0.0016326530612244899,0.0008163265306122449,0.0008163265306122449,0.0032653061224489797,0.0032653061224489797,0.0024489795918367346,0.0024489795918367346,0.015510204081632653
3,3,0.0008163265306122449,0.0016326530612244899,0.0016326530612244899,0.0,0.0032653061224489797,0.0032653061224489797,0.004897959183673469,0.0032653061224489797,0.004897959183673469,0.015510204081632653
4,4,0.0008163265306122449,0.0,0.0,0.0,0.006530612244897959,0.004081632653061225,0.005714285714285714,0.004081632653061225,0.00816326530612245,0.015510204081632653
5,5,0.0008163265306122449,0.0,0.0016326530612244899,0.0008163265306122449,0.008979591836734694,0.004081632653061225,0.004897959183673469,0.005714285714285714,0.037551020408163265,0.022857142857142857
6,6,0.0008163265306122449,0.0008163265306122449,0.0,0.0008163265306122449,0.0032653061224489797,0.0032653061224489797,0.005714285714285714,0.007346938775510204,0.08816326530612245,0.013061224489795919
7,7,0.0008163265306122449,0.0,0.0,0.0,0.0016326530612244899,0.004081632653061225,0.006530612244897959,0.015510204081632653,0.03346938775510204,0.014693877551020407
8,8,0.0,0.0,0.0,0.0,0.0016326530612244899,0.005714285714285714,0.008979591836734694,0.013877551020408163,0.010612244897959184,0.014693877551020407
9,9,0.0,0.0008163265306122449,0.0,0.0,0.0016326530612244899,0.004081632653061225,0.015510204081632653,0.022040816326530613,0.00816326530612245,0.019591836734693877
10,10,0.0008163265306122449,0.0008163265306122449,0.0008163265306122449,0.0008163265306122449,0.0,0.0032653061224489797,0.018775510204081632,0.013877551020408163,0.013061224489795919,0.0163265306122449
11,11,0.0,0.0008163265306122449,0.0008163265306122449,0.0,0.0008163265306122449,0.0016326530612244899,0.017959183673469388,0.011428571428571429,0.019591836734693877,0.014693877551020407
12,12,0.0,0.0024489795918367346,0.0,0.0,0.0016326530612244899,0.0016326530612244899,0.0236734693877551,0.0163265306122449,0.017959183673469388,0.0163265306122449
13,13,0.0008163265306122449,0.0008163265306122449,0.0008163265306122449,0.0,0.0024489795918367346,0.0008163265306122449,0.018775510204081632,0.02040816326530612,0.036734693877551024,0.017959183673469388
14,14,0.0,0.0008163265306122449,0.0,0.0,0.0008163265306122449,0.0008163265306122449,0.0163265306122449,0.0236734693877551,0.05061224489795919,0.022857142857142857
15,15,0.0,0.0016326530612244899,0.0,0.0008163265306122449,0.0016326530612244899,0.0,0.013061224489795919,0.029387755102040815,0.09061224489795919,0.019591836734693877
16,16,0.0,0.0,0.0,0.0008163265306122449,0.0,0.0008163265306122449,0.009795918367346938,0.03918367346938775,0.09387755102040816,0.017142857142857144
17,17,0.0,0.0,0.0,0.0016326530612244899,0.0,0.0024489795918367346,0.009795918367346938,0.0636734693877551,0.14857142857142858,0.012244897959183673
18,18,0.0,0.0,0.0,0.0,0.0,0.0024489795918367346,0.008979591836734694,0.08,0.28,0.018775510204081632
19,19,0.0,0.0008163265306122449,0.0,0.0,0.0,0.0024489795918367346,0.005714285714285714,0.13387755102040816,0.46938775510204084,0.014693877551020407
20,20,0.0,0.0008163265306122449,0.0,0.0016326530612244899,0.0008163265306122449,0.0024489795918367346,0.006530612244897959,0.024489795918367346,0.4163265306122449,0.019591836734693877
21,21,0.0,0.0,0.0,0.0016326530612244899,0.0008163265306122449,0.0016326530612244899,0.007346938775510204,0.019591836734693877,0.3469387755102041,0.013061224489795919
22,22,0.0,0.0,0.0,0.0008163265306122449,0.0016326530612244899,0.0032653061224489797,0.008979591836734694,0.035918367346938776,0.3730612244897959,0.009795918367346938
23,23,0.0,0.0,0.0,0.0008163265306122449,0.0016326530612244899,0.0032653061224489797,0.008979591836734694,0.0473469387755102,0.2938775510204082,0.017959183673469388
24,24,0.0,0.0,0.0,0.0,0.0008163265306122449,0.0016326530612244899,0.00816326530612245,0.044897959183673466,0.27591836734693875,0.03183673469387755
25,25,0.0008163265306122449,0.0008163265306122449,0.0008163265306122449,0.0008163265306122449,0.0008163265306122449,0.0,0.005714285714285714,0.04979591836734694,0.19428571428571428,0.035918367346938776
26,26,0.0,0.0008163265306122449,0.0,0.0,0.0024489795918367346,0.0016326530612244899,0.004897959183673469,0.037551020408163265,0.17224489795918368,0.037551020408163265
27,27,0.0,0.0024489795918367346,0.0,0.0,0.0024489795918367346,0.0016326530612244899,0.004081632653061225,0.060408163265306125,0.1893877551020408,0.0473469387755102
28,28,0.0,0.0008163265306122449,0.0,0.0,0.0016326530612244899,0.004081632653061225,0.004897959183673469,0.08163265306122448,0.29551020408163264,0.03918367346938775
29,29,0.0,0.0008163265306122449,0.0,0.0,0.0024489795918367346,0.005714285714285714,0.0032653061224489797,0.04897959183673469,0.2808163265306122,0.07510204081632653
30,30,0.0,0.0016326530612244899,0.0,0.0,0.0008163265306122449,0.0032653061224489797,0.0032653061224489797,0.05551020408163265,0.2506122448979592,0.04897959183673469
31,31,0.0008163265306122449,0.0024489795918367346,0.0016326530612244899,0.0,0.0008163265306122449,0.0032653061224489797,0.0032653061224489797,0.061224489795918366,0.4326530612244898,0.022040816326530613
32,32,0.0016326530612244899,0.0016326530612244899,0.0008163265306122449,0.0008163265306122449,0.0,0.0024489795918367346,0.004081632653061225,0.062040816326530614,0.40653061224489795,0.022857142857142857
33,33,0.0,0.0016326530612244899,0.0008163265306122449,0.0,0.0,0.0032653061224489797,0.005714285714285714,0.05061224489795919,0.4310204081632653,0.022040816326530613
34,34,0.0,0.0016326530612244899,0.0008163265306122449,0.0008163265306122449,0.0008163265306122449,0.004081632653061225,0.0032653061224489797,0.026122448979591838,0.5583673469387755,0.03183673469387755
35,35,0.0,0.0,0.0008163265306122449,0.0008163265306122449,0.0008163265306122449,0.0032653061224489797,0.004897959183673469,0.03183673469387755,0.7053061224489796,0.026122448979591838
36,36,0.0,0.0,0.0,0.0,0.0016326530612244899,0.004081632653061225,0.004081632653061225,0.03183673469387755,0.7053061224489796,0.0236734693877551
37,37,0.0,0.0,0.0,0.0,0.0008163265306122449,0.004897959183673469,0.004081632653061225,0.03836734693877551,0.5820408163265306,0.022040816326530613
38,38,0.0,0.0,0.0,0.0016326530612244899,0.0008163265306122449,0.005714285714285714,0.004081632653061225,0.019591836734693877,0.4963265306122449,0.027755102040816326
39,39,0.0,0.0,0.0,0.0008163265306122449,0.0,0.004897959183673469,0.004897959183673469,0.017142857142857144,0.4448979591836735,0.017142857142857144
40,40,0.0016326530612244899,0.0,0.0,0.0016326530612244899,0.0,0.004897959183673469,0.004081632653061225,0.0163265306122449,0.33224489795918366,0.018775510204081632
41,41,0.0008163265306122449,0.0,0.0,0.0008163265306122449,0.0016326530612244899,0.004081632653061225,0.0032653061224489797,0.013877551020408163,0.36,0.017959183673469388
42,42,0.0008163265306122449,0.0,0.0,0.0,0.0,0.004081632653061225,0.0008163265306122449,0.011428571428571429,0.2653061224489796,0.014693877551020407
43,43,0.0008163265306122449,0.0,0.0,0.0,0.0,0.0032653061224489797,0.0008163265306122449,0.011428571428571429,0.19673469387755102,0.0163265306122449
44,44,0.0008163265306122449,0.0,0.0008163265306122449,0.0016326530612244899,0.0,0.0032653061224489797,0.0008163265306122449,0.011428571428571429,0.21714285714285714,0.018775510204081632
45,45,0.0016326530612244899,0.0,0.0016326530612244899,0.0016326530612244899,0.0,0.0032653061224489797,0.0016326530612244899,0.011428571428571429,0.33714285714285713,0.026122448979591838
46,46,0.0016326530612244899,0.0,0.0016326530612244899,0.0008163265306122449,0.0,0.0024489795918367346,0.0016326530612244899,0.010612244897959184,0.3240816326530612,0.029387755102040815
47,47,0.0016326530612244899,0.0008163265306122449,0.0008163265306122449,0.0,0.0008163265306122449,0.0032653061224489797,0.0016326530612244899,0.009795918367346938,0.4179591836734694,0.019591836734693877
48,48,0.0016326530612244899,0.0,0.0016326530612244899,0.0,0.0016326530612244899,0.0032653061224489797,0.0016326530612244899,0.010612244897959184,0.48081632653061224,0.029387755102040815
49,49,0.0024489795918367346,0.0,0.0,0.0008163265306122449,0.0008163265306122449,0.0024489795918367346,0.0032653061224489797,0.011428571428571429,0.4546938775510204,0.03183673469387755
50,50,0.0016326530612244899,0.0,0.0,0.0024489795918367346,0.0,0.0024489795918367346,0.004081632653061225,0.015510204081632653,0.4220408163265306,0.025306122448979593
51,51,0.0016326530612244899,0.0,0.0,0.0024489795918367346,0.0,0.0008163265306122449,0.005714285714285714,0.011428571428571429,0.48081632653061224,0.022857142857142857
52,52,0.0016326530612244899,0.0,0.0016326530612244899,0.0024489795918367346,0.0016326530612244899,0.0008163265306122449,0.004897959183673469,0.010612244897959184,0.7746938775510204,0.02122448979591837
53,53,0.0016326530612244899,0.0,0.0,0.0016326530612244899,0.0008163265306122449,0.0024489795918367346,0.004897959183673469,0.010612244897959184,0.7746938775510204,0.018775510204081632
54,54,0.0024489795918367346,0.0,0.0008163265306122449,0.0024489795918367346,0.0024489795918367346,0.0032653061224489797,0.004081632653061225,0.011428571428571429,0.7746938775510204,0.012244897959183673
55,55,0.0016326530612244899,0.0,0.0008163265306122449,0.0016326530612244899,0.0016326530612244899,0.0024489795918367346,0.0032653061224489797,0.011428571428571429,0.7746938775510204,0.00816326530612245
56,56,0.0016326530612244899,0.0008163265306122449,0.0016326530612244899,0.0024489795918367346,0.0016326530612244899,0.0032653061224489797,0.004081632653061225,0.011428571428571429,0.7746938775510204,0.013877551020408163
57,57,0.0008163265306122449,0.0,0.0,0.0,0.0008163265306122449,0.0032653061224489797,0.0024489795918367346,0.011428571428571429,0.7746938775510204,0.0163265306122449
58,58,0.0008163265306122449,0.0,0.0,0.0,0.0008163265306122449,0.0024489795918367346,0.0032653061224489797,0.012244897959183673,0.7746938775510204,0.02122448979591837
59,59,0.0008163265306122449,0.0008163265306122449,0.0,0.0008163265306122449,0.0032653061224489797,0.0016326530612244899,0.0024489795918367346,0.011428571428571429,0.7746938775510204,0.018775510204081632
60,60,0.0016326530612244899,0.0,0.0,0.0008163265306122449,0.0016326530612244899,0.0024489795918367346,0.0024489795918367346,0.009795918367346938,0.7746938775510204,0.0163265306122449
61,61,0.0016326530612244899,0.0,0.0,0.0016326530612244899,0.0016326530612244899,0.0024489795918367346,0.0016326530612244899,0.009795918367346938,0.7746938775510204,0.026122448979591838
62,62,0.0008163265306122449,0.0,0.0008163265306122449,0.0008163265306122449,0.0016326530612244899,0.0016326530612244899,0.0016326530612244899,0.00816326530612245,0.7746938775510204,0.02040816326530612
63,63,0.0008163265306122449,0.0008163265306122449,0.0008163265306122449,0.0,0.0016326530612244899,0.0024489795918367346,0.0024489795918367346,0.008979591836734694,0.7746938775510204,0.036734693877551024
64,64,0.0008163265306122449,0.0008163265306122449,0.0008163265306122449,0.0008163265306122449,0.0024489795918367346,0.0016326530612244899,0.0032653061224489797,0.008979591836734694,0.7746938775510204,0.030204081632653063
65,65,0.0016326530612244899,0.0008163265306122449,0.0016326530612244899,0.0008163265306122449,0.0024489795918367346,0.0016326530612244899,0.0024489795918367346,0.009795918367346938,0.7746938775510204,0.013877551020408163
66,66,0.0008163265306122449,0.0008163265306122449,0.0,0.0008163265306122449,0.0016326530612244899,0.0016326530612244899,0.0016326530612244899,0.008979591836734694,0.7746938775510204,0.017959183673469388
67,67,0.0008163265306122449,0.0008163265306122449,0.0,0.0008163265306122449,0.0016326530612244899,0.0024489795918367346,0.0016326530612244899,0.008979591836734694,0.7746938775510204,0.02040816326530612
68,68,0.0008163265306122449,0.0008163265306122449,0.0008163265306122449,0.0008163265306122449,0.0016326530612244899,0.0032653061224489797,0.0016326530612244899,0.008979591836734694,0.7746938775510204,0.026122448979591838
69,69,0.0,0.0008163265306122449,0.0008163265306122449,0.0,0.0024489795918367346,0.0024489795918367346,0.0032653061224489797,0.009795918367346938,0.7746938775510204,0.02857142857142857
70,70,0.0,0.0008163265306122449,0.0008163265306122449,0.0008163265306122449,0.0016326530612244899,0.0032653061224489797,0.004081632653061225,0.009795918367346938,0.7746938775510204,0.030204081632653063
71,71,0.0,0.0008163265306122449,0.0008163265306122449,0.0008163265306122449,0.0008163265306122449,0.0016326530612244899,0.0024489795918367346,0.009795918367346938,0.7746938775510204,0.02040816326530612
72,72,0.0,0.0008163265306122449,0.0008163265306122449,0.0008163265306122449,0.0008163265306122449,0.0008163265306122449,0.0024489795918367346,0.008979591836734694,0.7746938775510204,0.03836734693877551
73,73,0.0,0.0016326530612244899,0.0008163265306122449,0.0,0.0008163265306122449,0.0032653061224489797,0.0016326530612244899,0.00816326530612245,0.7746938775510204,0.026122448979591838
74,74,0.0,0.0,0.0,0.0,0.0016326530612244899,0.0032653061224489797,0.0024489795918367346,0.008979591836734694,0.7746938775510204,0.014693877551020407
75,75,0.0,0.0008163265306122449,0.0,0.0,0.0008163265306122449,0.0024489795918367346,0.0016326530612244899,0.00816326530612245,0.7746938775510204,0.03346938775510204
76,76,0.0008163265306122449,0.0016326530612244899,0.0008163265306122449,0.0,0.0016326530612244899,0.0032653061224489797,0.0008163265306122449,0.00816326530612245,0.7746938775510204,0.026122448979591838
77,77,0.0008163265306122449,0.0016326530612244899,0.0,0.0008163265306122449,0.0016326530612244899,0.0032653061224489797,0.0008163265306122449,0.00816326530612245,0.7746938775510204,0.02857142857142857
78,78,0.0008163265306122449,0.0,0.0,0.0008163265306122449,0.0008163265306122449,0.004081632653061225,0.0008163265306122449,0.007346938775510204,0.7746938775510204,0.0163265306122449
79,79,0.0008163265306122449,0.0,0.0,0.0008163265306122449,0.0008163265306122449,0.0032653061224489797,0.0008163265306122449,0.006530612244897959,0.7746938775510204,0.013061224489795919
80,80,0.0008163265306122449,0.0,0.0,0.0008163265306122449,0.0008163265306122449,0.004081632653061225,0.0016326530612244899,0.006530612244897959,0.7395918367346939,0.019591836734693877
81,81,0.0008163265306122449,0.0,0.0008163265306122449,0.0,0.0008163265306122449,0.0024489795918367346,0.0008163265306122449,0.006530612244897959,0.7395918367346939,0.025306122448979593
82,82,0.0008163265306122449,0.0,0.0,0.0008163265306122449,0.0024489795918367346,0.0032653061224489797,0.0,0.005714285714285714,0.7395918367346939,0.0163265306122449
83,83,0.0008163265306122449,0.0,0.0008163265306122449,0.0008163265306122449,0.0008163265306122449,0.0024489795918367346,0.0,0.006530612244897959,0.7395918367346939,0.014693877551020407
84,84,0.0008163265306122449,0.0008163265306122449,0.0008163265306122449,0.0008163265306122449,0.0008163265306122449,0.0008163265306122449,0.0,0.006530612244897959,0.7395918367346939,0.024489795918367346
85,85,0.0008163265306122449,0.0008163265306122449,0.0024489795918367346,0.0008163265306122449,0.0024489795918367346,0.0016326530612244899,0.0,0.005714285714285714,0.7395918367346939,0.022857142857142857
86,86,0.0008163265306122449,0.0,0.0,0.0,0.0008163265306122449,0.0016326530612244899,0.0,0.005714285714285714,0.7395918367346939,0.019591836734693877
87,87,0.0008163265306122449,0.0,0.0,0.0,0.0008163265306122449,0.0024489795918367346,0.0008163265306122449,0.005714285714285714,0.7395918367346939,0.022857142857142857
88,88,0.0,0.0,0.0008163265306122449,0.0,0.0016326530612244899,0.0024489795918367346,0.0,0.005714285714285714,0.7395918367346939,0.029387755102040815
89,89,0.0,0.0008163265306122449,0.0,0.0008163265306122449,0.0016326530612244899,0.0024489795918367346,0.0,0.005714285714285714,0.7395918367346939,0.02857142857142857
90,90,0.0,0.0008163265306122449,0.0,0.0016326530612244899,0.0016326530612244899,0.0024489795918367346,0.0,0.005714285714285714,0.7061224489795919,0.02122448979591837
91,91,0.0008163265306122449,0.0008163265306122449,0.0008163265306122449,0.0016326530612244899,0.0016326530612244899,0.0024489795918367346,0.0,0.005714285714285714,0.7061224489795919,0.0163265306122449
92,92,0.0,0.0008163265306122449,0.0,0.0008163265306122449,0.0008163265306122449,0.0024489795918367346,0.0,0.004897959183673469,0.7061224489795919,0.02040816326530612
93,93,0.0016326530612244899,0.0008163265306122449,0.0,0.0,0.0008163265306122449,0.0024489795918367346,0.0,0.004081632653061225,0.7061224489795919,0.018775510204081632
94,94,0.0008163265306122449,0.0016326530612244899,0.0,0.0008163265306122449,0.0008163265306122449,0.0024489795918367346,0.0008163265306122449,0.004081632653061225,0.7061224489795919,0.015510204081632653
95,95,0.0024489795918367346,0.0016326530612244899,0.0,0.0008163265306122449,0.0008163265306122449,0.0024489795918367346,0.0024489795918367346,0.004897959183673469,0.7061224489795919,0.015510204081632653
96,96,0.0016326530612244899,0.0016326530612244899,0.0008163265306122449,0.0016326530612244899,0.0008163265306122449,0.0016326530612244899,0.004081632653061225,0.004081632653061225,0.7061224489795919,0.013877551020408163
97,97,0.0024489795918367346,0.0016326530612244899,0.0,0.0008163265306122449,0.0008163265306122449,0.0016326530612244899,0.0016326530612244899,0.006530612244897959,0.7061224489795919,0.02122448979591837
98,98,0.0016326530612244899,0.0008163265306122449,0.0,0.0,0.0008163265306122449,0.0032653061224489797,0.0016326530612244899,0.007346938775510204,0.7061224489795919,0.017959183673469388
99,99,0.0024489795918367346,0.0008163265306122449,0.0,0.0008163265306122449,0.0008163265306122449,0.0032653061224489797,0.0024489795918367346,0.007346938775510204,0.7061224489795919,0.026938775510204082
100,100,0.0008163265306122449,0.0016326530612244899,0.0,0.0016326530612244899,0.0,0.0016326530612244899,0.0024489795918367346,0.007346938775510204,0.7061224489795919,0.015510204081632653
