,gen,nevals,new_hof,coverage_avg,coverage_std,coverage_min,coverage_max,altitude_avg,altitude_std,altitude_min,altitude_max,costs_avg,costs_std,costs_min,costs_max
0,0,50,33,0.6523143781784558,0.34144549941169766,0.009986130374479889,1.0,760.64,144.81170670909174,513.0,993.0,75.4,64.50519358935372,1.0,286.0
1,1,50,24,0.8878076745261211,0.12135652579702465,0.5453536754507629,1.0,746.76,133.1379074493812,513.0,993.0,99.4,60.89466314875221,27.0,286.0
2,2,50,22,0.8745390661118816,0.12336377748255525,0.5453536754507629,1.0,733.28,138.6337678922419,513.0,993.0,82.7,47.64462194204085,27.0,276.0
3,3,50,21,0.8587868700878409,0.12895522081533095,0.561997226074896,1.0,713.84,133.33872055783345,513.0,984.0,84.78,55.7950858051137,27.0,276.0
4,4,50,19,0.8502949607027277,0.12586086900913288,0.5329634766527971,1.0,706.0,137.23745844338563,513.0,989.0,78.88,47.918530862287504,27.0,276.0
5,5,50,24,0.8373832639852057,0.14367403293916306,0.5051317614424411,1.0,703.98,131.50794500713636,513.0,984.0,74.64,43.89430942616595,27.0,216.0
6,6,50,25,0.8121331484049932,0.1587751052274959,0.5051317614424411,1.0,695.02,129.98776711675603,513.0,984.0,71.74,44.58376834678737,27.0,216.0
7,7,50,15,0.8185464632454924,0.1606820204391268,0.5051317614424411,1.0,698.96,133.6284340999325,513.0,984.0,74.98,47.80857245306536,24.0,216.0
8,8,50,17,0.8189921405455387,0.16043100017843623,0.5051317614424411,1.0,706.2,132.32777486227144,513.0,984.0,72.46,46.545551882000495,24.0,216.0
9,9,50,17,0.8065483125288953,0.16053187149499376,0.5051317614424411,1.0,706.74,131.41716935012715,513.0,984.0,69.22,45.08449400847258,24.0,216.0
10,10,50,19,0.8186407766990291,0.16773239317897568,0.5051317614424411,1.0,716.12,141.79148634526686,513.0,984.0,76.16,55.36943561207753,24.0,252.0
11,11,50,23,0.8232547387887194,0.1674916919173652,0.5051317614424411,1.0,715.74,142.37876386596423,513.0,984.0,75.98,55.28670364563256,24.0,252.0
12,12,50,13,0.8285492371705964,0.1716977266726188,0.5051317614424411,1.0,722.88,149.51717493318287,513.0,984.0,78.34,58.954765710670074,24.0,252.0
13,13,50,18,0.8206527970411466,0.17016419235294322,0.5051317614424411,1.0,713.02,148.38928397967283,513.0,984.0,75.54,56.573919786417484,24.0,252.0
14,14,50,13,0.8295811373092927,0.16866120977406382,0.5051317614424411,1.0,711.04,154.46681973809132,513.0,984.0,77.1,55.99651774887435,24.0,252.0
15,15,50,8,0.8323476652797042,0.16836232113803423,0.5051317614424411,1.0,708.54,157.8685795210687,513.0,984.0,78.24,56.589949637722775,24.0,252.0
16,16,50,23,0.8185538603791032,0.16775792363473277,0.5051317614424411,1.0,725.56,158.12073361833356,513.0,993.0,70.52,50.475039375913326,24.0,252.0
17,17,50,18,0.8137790106333795,0.16448454368796595,0.5051317614424411,1.0,724.06,154.24686836367212,513.0,993.0,68.22,49.12567149668288,24.0,252.0
18,18,50,15,0.8068238557558947,0.17176114776601278,0.5051317614424411,1.0,729.88,156.61387422575308,513.0,993.0,68.16,49.12040716443625,24.0,252.0
19,19,50,14,0.8111141932501156,0.16907733387408352,0.5051317614424411,1.0,741.24,161.38668594403939,513.0,993.0,67.64,49.2157535754559,24.0,252.0
20,20,50,17,0.8097327785483127,0.170832290384451,0.5051317614424411,1.0,730.56,158.00723527737583,513.0,993.0,68.36,48.82653377007219,24.0,252.0
21,21,50,14,0.8115746648173834,0.17012272740517262,0.5051317614424411,1.0,734.5,158.86966356104617,513.0,993.0,70.5,54.36993654585225,24.0,252.0
22,22,50,19,0.7991752196024041,0.1739207140963601,0.5051317614424411,1.0,728.22,152.74649455879504,513.0,993.0,66.4,48.035403610253965,24.0,238.0
23,23,50,16,0.7952177531206658,0.17001144854258293,0.5051317614424411,1.0,736.7,150.07068334621522,513.0,993.0,64.28,46.028269574251865,24.0,238.0
24,24,50,17,0.7921017105871475,0.1805497588624037,0.5051317614424411,1.0,712.7,147.1829134104907,513.0,993.0,69.62,50.536675790954035,24.0,238.0
25,25,50,17,0.8060767452612112,0.17279241197828474,0.5051317614424411,1.0,704.36,148.64773930336108,513.0,993.0,75.18,57.929160187249394,24.0,238.0
26,26,50,19,0.8199278779472955,0.17958011897318185,0.5047619047619047,1.0,715.76,151.4735039536618,513.0,993.0,78.12,57.767340253814695,24.0,238.0
27,27,50,13,0.8114452149791958,0.18479455936783984,0.5047619047619047,1.0,702.22,145.93098231698434,513.0,993.0,79.4,57.716548753368826,24.0,238.0
28,28,50,12,0.8098141470180306,0.17810180303113185,0.5047619047619047,1.0,698.52,148.6589708023031,513.0,993.0,78.0,56.32974347536122,24.0,238.0
29,29,50,10,0.8263707813222377,0.17445031760286728,0.5047619047619047,1.0,692.24,151.40535789726863,513.0,993.0,79.46,55.30938799155167,24.0,238.0
30,30,50,16,0.8224466019417477,0.17502283899235418,0.5047619047619047,1.0,689.32,153.9909659687866,511.0,993.0,81.44,56.09533313921934,21.0,238.0
31,31,50,17,0.8294294960702728,0.1719545261305938,0.5047619047619047,1.0,686.42,152.55334673483898,511.0,993.0,83.16,56.65381187528338,21.0,238.0
32,32,50,9,0.8366121128062877,0.16743006379650635,0.5047619047619047,1.0,679.2,146.86156747086693,511.0,993.0,84.92,54.466811913311034,21.0,230.0
33,33,50,15,0.8329209431345354,0.16870086595267253,0.5047619047619047,1.0,688.28,142.61992006728934,511.0,993.0,78.62,47.076486699837744,21.0,204.0
34,34,50,13,0.8240499306518723,0.16588302739696692,0.5047619047619047,1.0,710.74,148.71513843587007,511.0,993.0,71.56,42.253596296646755,21.0,180.0
35,35,50,16,0.8465113268608415,0.16554824630994547,0.5047619047619047,1.0,703.86,148.53471109474714,511.0,993.0,77.64,44.5217969089299,21.0,180.0
36,36,50,15,0.8293740175681923,0.17218772842004748,0.5047619047619047,1.0,719.16,157.210096367886,511.0,993.0,74.22,44.86347735073598,21.0,180.0
37,37,50,18,0.8361276005547851,0.1736407918635364,0.5047619047619047,1.0,723.38,159.39383802393365,511.0,993.0,74.52,43.33646963009331,21.0,180.0
38,38,50,22,0.8277947295423022,0.1704663672856061,0.5047619047619047,1.0,721.14,160.85061516823617,511.0,993.0,73.14,43.38709946516361,21.0,180.0
39,39,50,17,0.8317300046232085,0.1751003033687151,0.5047619047619047,1.0,713.58,154.89313606483665,511.0,993.0,77.7,47.0579430064681,21.0,180.0
40,40,50,13,0.8441997226074897,0.17332410293785158,0.5047619047619047,1.0,720.1,154.2135208080018,511.0,993.0,79.74,48.734304139897176,21.0,180.0
41,41,50,12,0.8344244105409154,0.17352534021674085,0.5047619047619047,1.0,708.12,155.33237138471813,511.0,993.0,77.72,47.909514712633026,21.0,180.0
42,42,50,15,0.8276726768377255,0.17325871757928596,0.5047619047619047,1.0,697.0,161.29314926555313,511.0,993.0,77.98,46.89924946094553,21.0,180.0
43,43,50,12,0.8114433656957929,0.17909141771736461,0.5047619047619047,1.0,694.9,152.58692604545124,511.0,993.0,75.74,47.23084161858647,21.0,180.0
44,44,50,9,0.8212815533980583,0.17435617483123375,0.505039297272307,1.0,692.64,160.9660535640978,511.0,993.0,79.52,48.00134998101616,21.0,180.0
45,45,50,11,0.820882108183079,0.17764790273886719,0.505039297272307,1.0,703.48,164.74552983313387,511.0,993.0,79.04,48.92482396493625,21.0,180.0
46,46,50,11,0.8285769764216365,0.16325139065695105,0.5055016181229773,1.0,712.04,163.14827121364172,501.0,993.0,77.16,47.93093364415093,21.0,184.0
47,47,50,10,0.8291816920943134,0.16590049933349169,0.5055016181229773,1.0,708.9,158.66117987712053,501.0,993.0,77.76,47.690904793262206,18.0,184.0
48,48,50,14,0.8191326860841426,0.1663881936553611,0.5055016181229773,1.0,706.46,157.44144435313086,501.0,993.0,74.72,47.06550329062678,18.0,184.0
49,49,50,15,0.8078964401294497,0.1768727347732825,0.5015256588072122,1.0,705.76,160.44844156301426,501.0,993.0,73.14,46.71873714046646,18.0,184.0
50,50,50,13,0.8333925104022191,0.17503329369969112,0.5015256588072122,1.0,709.72,162.07356848048974,501.0,993.0,79.58,50.047213708657154,18.0,207.0
51,51,50,12,0.8312806287563569,0.17663901762425474,0.5015256588072122,1.0,697.62,158.7087760648415,501.0,993.0,80.16,49.74750647017396,18.0,207.0
52,52,50,14,0.8183042071197412,0.17870907797032637,0.5015256588072122,1.0,702.76,166.20825009607677,501.0,993.0,77.14,50.255351953796925,18.0,207.0
53,53,50,16,0.8273305594082292,0.17072330084176432,0.5015256588072122,1.0,673.96,158.45743403198222,501.0,993.0,82.06,51.18804938655116,18.0,207.0
54,54,50,13,0.8302505779010635,0.17011579467231433,0.5015256588072122,1.0,690.86,152.07735005581864,501.0,993.0,79.62,49.10840661231028,18.0,207.0
55,55,50,20,0.8301155802126678,0.16427597208273859,0.5015256588072122,1.0,711.82,166.1657834814376,501.0,993.0,76.02,49.30780465605826,18.0,207.0
56,56,50,10,0.8364697179842809,0.17103603812156684,0.5015256588072122,1.0,696.9,156.5958173132348,501.0,993.0,80.14,49.304770560261204,18.0,207.0
57,57,50,15,0.8194433656957928,0.17543769386862107,0.5015256588072122,1.0,713.86,164.24920212896012,501.0,993.0,76.52,49.60090321758264,18.0,207.0
58,58,50,14,0.8301044845122515,0.17581530240180068,0.5015256588072122,1.0,707.94,164.9687740149632,501.0,993.0,79.96,50.16531072364647,18.0,207.0
59,59,50,13,0.8005603328710126,0.1728435424771044,0.5015256588072122,1.0,688.4,159.68230960253547,501.0,993.0,76.88,50.32917245494903,18.0,207.0
60,60,50,14,0.7947646786870088,0.1766261719745176,0.5015256588072122,1.0,686.22,157.74172434711116,501.0,971.0,76.54,51.58224888466961,18.0,207.0
61,61,50,12,0.7923273231622745,0.18532424518135607,0.5015256588072122,1.0,694.26,156.5663833650123,501.0,971.0,75.3,51.831747028245154,18.0,207.0
62,62,50,9,0.7926823855755893,0.17961237188063744,0.5015256588072122,1.0,690.0,154.68186706915586,501.0,971.0,74.8,51.57635116989181,18.0,207.0
63,63,50,11,0.8035543226999536,0.1775466216531514,0.5015256588072122,1.0,684.72,156.3923322928589,501.0,971.0,78.76,54.463037006762676,18.0,207.0
64,64,50,13,0.8165603328710125,0.17627706116123243,0.5015256588072122,1.0,678.06,151.80927639640473,501.0,971.0,80.38,53.0825357344579,18.0,207.0
65,65,50,17,0.8101858529819695,0.1788616394501254,0.5015256588072122,1.0,666.06,150.76662893359392,501.0,971.0,81.76,52.75701280398654,18.0,207.0
66,66,50,10,0.8119056865464631,0.17963443764745377,0.5015256588072122,1.0,668.58,151.11758203465274,501.0,971.0,81.58,52.85492976061931,18.0,207.0
67,67,50,13,0.81093111419325,0.17993757981873762,0.5015256588072122,1.0,672.16,154.14919526225233,501.0,971.0,81.28,53.35505224437513,18.0,207.0
68,68,50,10,0.8290596393897366,0.17353290971340302,0.5015256588072122,1.0,689.38,153.2347075567412,501.0,971.0,80.4,51.632547874378616,18.0,207.0
69,69,50,11,0.8359926028663892,0.17339170901858597,0.5015256588072122,1.0,694.78,152.4954150130423,501.0,971.0,81.66,51.981769881372834,18.0,207.0
70,70,50,7,0.8434100785945446,0.17429203737809984,0.5015256588072122,1.0,703.22,152.81181760583834,501.0,971.0,83.18,53.407374022694654,18.0,207.0
71,71,50,10,0.8246694405917707,0.175717096997172,0.5015256588072122,1.0,686.56,150.4385801581496,501.0,971.0,80.7,51.27699289154933,18.0,207.0
72,72,50,10,0.8344484512251503,0.17675105122616266,0.5033749422098936,1.0,687.28,151.1378231945928,501.0,971.0,82.92,51.14326544130712,18.0,207.0
73,73,50,9,0.836081368469718,0.1732232561432101,0.5033749422098936,1.0,673.5,149.08443916116798,501.0,971.0,84.5,51.9265827876243,18.0,207.0
74,74,50,11,0.8254775774387426,0.17665276796369145,0.5033749422098936,1.0,675.0,147.1221261401561,501.0,971.0,81.72,51.592650639407935,18.0,207.0
75,75,50,11,0.8242977346278317,0.1784752008651057,0.5033749422098936,1.0,673.44,148.75969346566967,501.0,971.0,82.62,53.75793522820607,18.0,207.0
76,76,50,12,0.8123901987979658,0.18919096539963992,0.5033749422098936,1.0,676.68,150.86224709979632,501.0,971.0,81.56,54.564515942139536,18.0,207.0
77,77,50,12,0.8047508090614888,0.1854896049412823,0.5033749422098936,1.0,662.1,141.15456067729446,501.0,971.0,81.1,53.793401082288895,18.0,207.0
78,78,50,18,0.8083643088303283,0.18445336804051315,0.5033749422098936,1.0,667.54,141.77590909600968,501.0,971.0,80.36,53.89202538409556,18.0,207.0
79,79,50,9,0.8131558021266758,0.17922967483166838,0.5033749422098936,1.0,672.52,151.53484615757526,501.0,994.0,79.68,53.34020622382332,18.0,207.0
80,80,50,10,0.8143689320388351,0.17859345002440527,0.5033749422098936,1.0,673.52,150.5615143388243,501.0,994.0,79.36,53.47252004534666,18.0,207.0
81,81,50,14,0.812122052704577,0.17515523576313258,0.5033749422098936,1.0,669.0,154.33210942639255,501.0,994.0,79.94,53.29780858534429,18.0,207.0
82,82,50,9,0.7996282940360611,0.17558903887121033,0.5033749422098936,1.0,675.26,153.6399440249833,501.0,994.0,75.8,52.9078444089343,18.0,207.0
83,83,50,11,0.7997669902912622,0.17484528454178921,0.5033749422098936,1.0,682.0,151.8407060046811,501.0,994.0,75.4,53.271005246756886,18.0,207.0
84,84,50,5,0.8098825705039298,0.17846205977323104,0.5033749422098936,1.0,696.28,158.6310234474959,501.0,994.0,75.68,53.25990612083352,18.0,207.0
85,85,50,12,0.8059140083217753,0.17844194749181413,0.5033749422098936,1.0,692.56,152.21460639505003,501.0,994.0,73.08,51.87401661718514,18.0,207.0
86,86,50,11,0.8277614424410542,0.16567701267324558,0.5006934812760055,1.0,689.9,156.1485510659641,501.0,994.0,75.44,50.50828050923928,18.0,207.0
87,87,50,11,0.8194748035136386,0.1712326657516505,0.5006934812760055,1.0,672.52,158.24401916028296,501.0,994.0,78.16,52.09697112116981,18.0,207.0
88,88,50,9,0.8188719371243642,0.17406694673221515,0.5006934812760055,1.0,661.52,152.9581955960517,501.0,994.0,78.98,51.782811820139706,18.0,207.0
89,89,50,13,0.823112343966713,0.16606139384798319,0.5006934812760055,1.0,677.12,161.61604375803782,501.0,994.0,72.62,43.1063290016675,18.0,198.0
90,90,50,5,0.8153712436430883,0.16758636324491152,0.5006934812760055,1.0,670.56,161.4224470140383,501.0,994.0,72.42,44.610801382624814,18.0,198.0
91,91,50,10,0.8122052704576977,0.16722021311803958,0.5006934812760055,1.0,678.3,153.7641375613963,501.0,994.0,69.46,42.28863204219309,18.0,198.0
92,92,50,10,0.8241756819232547,0.17025843030965382,0.5006934812760055,1.0,677.64,150.67737189107064,501.0,995.0,74.22,46.31081515153885,18.0,198.0
93,93,50,12,0.8083920480813684,0.17637860990356122,0.5006934812760055,1.0,664.84,145.10029083361619,501.0,974.0,74.52,48.13200182830546,18.0,198.0
94,94,50,8,0.8144392048081367,0.17976604532967164,0.5006934812760055,1.0,666.3,141.9291724769788,501.0,974.0,76.2,48.21908335918467,18.0,198.0
95,95,50,5,0.8063300970873787,0.17824081406806236,0.5006934812760055,1.0,669.12,143.23472204741418,501.0,974.0,75.74,48.56987131957424,18.0,198.0
96,96,50,15,0.8019898289412852,0.17753033232948515,0.5006934812760055,1.0,667.26,146.1348432099614,501.0,974.0,75.6,49.792368893235036,18.0,198.0
97,97,50,13,0.7955432269995377,0.18344339264357318,0.5006934812760055,1.0,672.28,148.41968063568928,501.0,974.0,74.84,50.17184868031075,18.0,198.0
98,98,50,9,0.8139195561719833,0.17894888972548653,0.5006934812760055,1.0,689.32,151.46305688186806,501.0,974.0,76.04,49.60966034957305,18.0,198.0
99,99,50,7,0.8044956079519185,0.1845229805003024,0.5006934812760055,1.0,693.86,149.57753975781256,501.0,979.0,74.3,50.29880714291344,18.0,198.0
100,100,50,11,0.8112621359223301,0.1790053615069476,0.5006934812760055,1.0,689.02,148.96006041889217,501.0,979.0,73.98,50.142792104149926,18.0,198.0
